{
  "segmentation": {
    "baseline": {
      "loss": 0.5294656019210815,
      "mean_iou": 0.5632125735282898,
      "pixel_accuracy": 0.6875603795051575,
      "per_class_iou": [
        0.4231608510017395,
        0.4952005445957184,
        0.5101292729377747,
        0.5652899146080017,
        0.6573650240898132
      ]
    },
    "sd21_controlnet": {
      "loss": 0.9280796179771423,
      "mean_iou": 0.2858991324901581,
      "pixel_accuracy": 0.3625282645225525,
      "per_class_iou": [
        0.2328033298254013,
        0.28576236963272095,
        0.25677022337913513,
        0.0004279347194824368,
        0.3626750409603119
      ]
    },
    "sd35_controlnet": {
      "loss": 1.0886564540863037,
      "mean_iou": 0.2942911684513092,
      "pixel_accuracy": 0.3946872353553772,
      "per_class_iou": [
        0.13643497228622437,
        0.2630119323730469,
        0.2779916822910309,
        0.09460272639989853,
        0.40852636098861694
      ]
    },
    "ldm_model_512": {
      "loss": 0.8044455909729004,
      "mean_iou": 0.37680524587631226,
      "pixel_accuracy": 0.5633386373519897,
      "per_class_iou": [
        0.33152446150779724,
        0.3586023449897766,
        0.33798861503601074,
        0.41854485869407654,
        0.42287588119506836
      ]
    }
  },
  "classification": {
    "baseline": {
      "loss": 0.8489179530739784,
      "accuracy": 0.823,
      "precision": 0.7524939079798756,
      "recall": 0.7185156244706379,
      "f1_score": 0.7316944270705767,
      "auc": 0.8990478378643854,
      "per_class_precision": [
        0.6183908045977011,
        0.7479674796747967,
        0.891123439667129
      ],
      "per_class_recall": [
        0.682741116751269,
        0.5859872611464968,
        0.8868184955141477
      ],
      "per_class_f1": [
        0.6489746682750301,
        0.6571428571428571,
        0.888965755793843
      ]
    },
    "sd21_controlnet": {
      "loss": 1.11321523976326,
      "accuracy": 0.4355,
      "precision": 0.4159655724611208,
      "recall": 0.4540650673448512,
      "f1_score": 0.3676971406667204,
      "auc": 0.635920590247553,
      "per_class_precision": [
        0.26330027051397653,
        0.17256637168141592,
        0.8120300751879699
      ],
      "per_class_recall": [
        0.7411167512690355,
        0.2484076433121019,
        0.37267080745341613
      ],
      "per_class_f1": [
        0.38855622089155023,
        0.20365535248041775,
        0.510879848628193
      ]
    },
    "sd35_controlnet": {
      "loss": 1.5843849895000457,
      "accuracy": 0.6525,
      "precision": 0.4569611835962455,
      "recall": 0.47188838215903006,
      "f1_score": 0.46119247840038247,
      "auc": 0.6712763829151357,
      "per_class_precision": [
        0.39473684210526316,
        0.15546218487394958,
        0.8206845238095238
      ],
      "per_class_recall": [
        0.41878172588832485,
        0.2356687898089172,
        0.7612146307798482
      ],
      "per_class_f1": [
        0.4064039408866995,
        0.18734177215189873,
        0.7898317221625493
      ]
    },
    "ldm_model_512": {
      "loss": 1.0133844146728515,
      "accuracy": 0.6775,
      "precision": 0.5794259856603685,
      "recall": 0.6873159846505531,
      "f1_score": 0.6051882249793191,
      "auc": 0.8421732486189301,
      "per_class_precision": [
        0.4257871064467766,
        0.4189723320158103,
        0.8935185185185185
      ],
      "per_class_recall": [
        0.7208121827411168,
        0.6751592356687898,
        0.665976535541753
      ],
      "per_class_f1": [
        0.5353440150801131,
        0.5170731707317073,
        0.7631474891261368
      ]
    }
  }
}