{
    "loss": 0.7898210597038269,
    "mean_iou": 0.32055917382240295,
    "pixel_accuracy": 0.25672560930252075
}