{
  "segmentation": {
    "baseline": {
      "loss": 0.7506574630737305,
      "mean_iou": 0.4258321225643158,
      "pixel_accuracy": 0.5136399269104004,
      "per_class_iou": [
        0.3211895227432251,
        0.24477291107177734,
        0.3005151152610779,
        0.43172577023506165,
        0.5582112669944763
      ]
    },
    "sd21_controlnet": {
      "loss": 0.9315903997421264,
      "mean_iou": 0.2823168933391571,
      "pixel_accuracy": 0.3121277689933777,
      "per_class_iou": [
        0.15354479849338531,
        0.20375607907772064,
        0.23830246925354004,
        0.0,
        0.3935304582118988
      ]
    },
    "sd35_controlnet": {
      "loss": 1.11353280544281,
      "mean_iou": 0.2682397663593292,
      "pixel_accuracy": 0.322758287191391,
      "per_class_iou": [
        0.08524647355079651,
        0.2328503131866455,
        0.20817233622074127,
        5.367584526538849e-05,
        0.41902783513069153
      ]
    },
    "ldm_model_512": {
      "loss": 1.079525032043457,
      "mean_iou": 0.24848954379558563,
      "pixel_accuracy": 0.4377150535583496,
      "per_class_iou": [
        0.26559481024742126,
        0.17469745874404907,
        0.21329185366630554,
        0.2569338083267212,
        0.2889365255832672
      ]
    }
  },
  "classification": {
    "baseline": {
      "loss": 0.872979257106781,
      "accuracy": 0.72,
      "precision": 0.624293064591572,
      "recall": 0.6547185540883019,
      "f1_score": 0.6331079328371005,
      "auc": 0.8216766635786676,
      "per_class_precision": [
        0.4925373134328358,
        0.5,
        0.8803418803418803
      ],
      "per_class_recall": [
        0.673469387755102,
        0.5333333333333333,
        0.7573529411764706
      ],
      "per_class_f1": [
        0.5689655172413793,
        0.5161290322580645,
        0.8142292490118577
      ]
    },
    "sd21_controlnet": {
      "loss": 1.312492184638977,
      "accuracy": 0.455,
      "precision": 0.39655727155727155,
      "recall": 0.4105408830198746,
      "f1_score": 0.3613669355798292,
      "auc": 0.6146467029028663,
      "per_class_precision": [
        0.30357142857142855,
        0.14285714285714285,
        0.7432432432432432
      ],
      "per_class_recall": [
        0.6938775510204082,
        0.13333333333333333,
        0.40441176470588236
      ],
      "per_class_f1": [
        0.422360248447205,
        0.13793103448275862,
        0.5238095238095238
      ]
    },
    "sd35_controlnet": {
      "loss": 1.9951561856269837,
      "accuracy": 0.61,
      "precision": 0.42304472025216705,
      "recall": 0.41490596238495403,
      "f1_score": 0.40972925248897973,
      "auc": 0.6012974008420114,
      "per_class_precision": [
        0.40625,
        0.1111111111111111,
        0.75177304964539
      ],
      "per_class_recall": [
        0.2653061224489796,
        0.2,
        0.7794117647058824
      ],
      "per_class_f1": [
        0.32098765432098764,
        0.14285714285714285,
        0.7653429602888087
      ]
    },
    "ldm_model_512": {
      "loss": 1.499791579246521,
      "accuracy": 0.535,
      "precision": 0.5105882352941177,
      "recall": 0.5814392423636121,
      "f1_score": 0.48163765482393633,
      "auc": 0.7437598868096401,
      "per_class_precision": [
        0.37,
        0.25,
        0.9117647058823529
      ],
      "per_class_recall": [
        0.7551020408163265,
        0.5333333333333333,
        0.45588235294117646
      ],
      "per_class_f1": [
        0.4966442953020134,
        0.3404255319148936,
        0.6078431372549019
      ]
    }
  }
}