{
    "test_metrics": {
        "loss": 0.7506574630737305,
        "mean_iou": 0.4258321225643158,
        "pixel_accuracy": 0.5136399269104004,
        "per_class_iou": [
            0.3211895227432251,
            0.24477291107177734,
            0.3005151152610779,
            0.43172577023506165,
            0.5582112669944763
        ]
    },
    "training_history": {
        "train_loss": [
            0.8641712173819542,
            0.7468058064579963,
            0.7269529193639755,
            0.6936013467609883,
            0.6474251188337803,
            0.7013382710516453,
            0.7011848263442516,
            0.6746198005974293,
            0.6475850351154804,
            0.6483890444040299,
            0.620480016618967,
            0.6014856368303299,
            0.5505148582160473,
            0.5494487218558788,
            0.5281360603868961,
            0.6192594647407532,
            0.6301130123436451,
            0.6410771138966084,
            0.6186644561588764,
            0.591829676926136,
            0.5719271093606949,
            0.5696847520768642,
            0.5678878419101239,
            0.5277797430753708,
            0.5264241397380829
        ],
        "val_loss": [
            0.8268249273300171,
            0.8315476179122925,
            0.7598111987113952,
            0.6954129993915558,
            0.6951528906822204,
            0.741738361120224,
            0.9091445147991181,
            0.7394463300704956,
            0.7513284504413604,
            0.7125206649303436,
            0.6504332095384597,
            0.6479243814945221,
            0.6400686025619506,
            0.6156280755996704,
            0.6140514254570008,
            0.8034300148487091,
            0.6809383273124695,
            0.6549598664045334,
            0.7000046998262406,
            0.6714715242385865,
            0.6471272796392441,
            0.6540987014770507,
            0.6336457073688507,
            0.6698109805583954,
            0.667395293712616
        ],
        "val_accuracy": [
            0.4412016272544861,
            0.48304933309555054,
            0.523235023021698,
            0.5611069202423096,
            0.5524169206619263,
            0.5303890705108643,
            0.4361456036567688,
            0.5410389304161072,
            0.5182409286499023,
            0.5652315616607666,
            0.5602375268936157,
            0.5720880627632141,
            0.5793337821960449,
            0.6028028130531311,
            0.6037819981575012,
            0.46811169385910034,
            0.5494938492774963,
            0.6048575639724731,
            0.5528376698493958,
            0.5445998907089233,
            0.5744869709014893,
            0.568228542804718,
            0.5785611271858215,
            0.5776734948158264,
            0.5734808444976807
        ],
        "val_miou": [
            0.360613077878952,
            0.32777267694473267,
            0.4182577133178711,
            0.4269202649593353,
            0.42045772075653076,
            0.4209322929382324,
            0.25761833786964417,
            0.4203534424304962,
            0.34263330698013306,
            0.3961077034473419,
            0.44311031699180603,
            0.43793657422065735,
            0.4381078779697418,
            0.4767826497554779,
            0.4686545133590698,
            0.36927929520606995,
            0.4375581741333008,
            0.4456250071525574,
            0.4293068051338196,
            0.44419196248054504,
            0.45486190915107727,
            0.4487733542919159,
            0.4649467468261719,
            0.46176907420158386,
            0.4487159848213196
        ],
        "learning_rate": [
            0.0004523497400965494,
            0.0003275997400965494,
            0.00017340025990345064,
            4.865025990345063e-05,
            0.0005,
            0.00048778860081564085,
            0.0004523497400965494,
            0.00039715242044697206,
            0.0003275997400965494,
            0.0002505,
            0.00017340025990345064,
            0.00010384757955302797,
            4.865025990345063e-05,
            1.3211399184359193e-05,
            0.0005,
            0.0004969282409784868,
            0.00048778860081564085,
            0.0004728061277849978,
            0.0004523497400965494,
            0.0004269231419060436,
            0.00039715242044697206,
            0.00036377062968501693,
            0.0003275997400965494,
            0.00028953039902753766,
            0.0002505
        ]
    },
    "best_val_miou": 0.4767826497554779,
    "config": {
        "enabled": true,
        "model": "deeplabv3plus",
        "encoder": "se_resnext101_32x4d",
        "num_epochs": 30,
        "batch_size": 16,
        "learning_rate": 0.0005,
        "num_classes": 5,
        "class_names": [
            "Unknown",
            "Background/Artifact",
            "Inflammatory/Reactive",
            "Carcinoma",
            "Normal"
        ]
    }
}