{
    "test_metrics": {
        "loss": 1.079525032043457,
        "mean_iou": 0.24848954379558563,
        "pixel_accuracy": 0.4377150535583496,
        "per_class_iou": [
            0.26559481024742126,
            0.17469745874404907,
            0.21329185366630554,
            0.2569338083267212,
            0.2889365255832672
        ]
    },
    "training_history": {
        "train_loss": [
            0.8351625347137451,
            0.732170844078064,
            0.6662067610025406,
            0.5998969042301178,
            0.567670984864235,
            0.6106593322753906,
            0.6339086723327637,
            0.6101975548267364,
            0.5796011847257614,
            0.5663708335161209,
            0.545806708931923,
            0.5084510529041291,
            0.5045654839277267,
            0.4876498508453369,
            0.45162548661231994,
            0.5508420193195342,
            0.5607960653305054,
            0.5457749092578887,
            0.5416565388441086,
            0.5407584422826767,
            0.5082371199131012,
            0.5066590130329132,
            0.5026477864384651,
            0.47822361201047897
        ],
        "val_loss": [
            0.7382967829704284,
            0.6696667528152466,
            0.7011375761032105,
            0.578865727186203,
            0.5634645962715149,
            0.6715944361686706,
            0.7160770463943481,
            0.6024750518798828,
            0.6475170612335205,
            0.5486545705795288,
            0.5797738862037659,
            0.5801322150230408,
            0.5417566263675689,
            0.5188876461982727,
            0.5327290380001068,
            0.6168165111541748,
            0.6034882771968841,
            0.6127446389198303,
            0.6566213738918304,
            0.578205361366272,
            0.6118868207931518,
            0.6162071585655212,
            0.6136597681045532,
            0.5692978453636169
        ],
        "val_accuracy": [
            0.5099557638168335,
            0.591509222984314,
            0.5827758312225342,
            0.6418720483779907,
            0.6487513780593872,
            0.5626903772354126,
            0.49183064699172974,
            0.6185977458953857,
            0.5906484127044678,
            0.6515821814537048,
            0.6372579336166382,
            0.6195840835571289,
            0.6430338025093079,
            0.671552836894989,
            0.6367618441581726,
            0.6074364185333252,
            0.6132087707519531,
            0.6177592873573303,
            0.6062014698982239,
            0.6290170550346375,
            0.606873631477356,
            0.6018832921981812,
            0.6288951635360718,
            0.6415829062461853
        ],
        "val_miou": [
            0.44527292251586914,
            0.4586743712425232,
            0.4254606068134308,
            0.5399261713027954,
            0.5426449775695801,
            0.45726877450942993,
            0.4664146602153778,
            0.5084289312362671,
            0.4445306360721588,
            0.5530884861946106,
            0.5229437947273254,
            0.5516455769538879,
            0.5560279488563538,
            0.5780712962150574,
            0.5722387433052063,
            0.5239863395690918,
            0.5233923196792603,
            0.4925917685031891,
            0.47684359550476074,
            0.5121642351150513,
            0.5280200242996216,
            0.5104668736457825,
            0.5130453705787659,
            0.5478163957595825
        ],
        "learning_rate": [
            0.0004523497400965494,
            0.0003275997400965494,
            0.00017340025990345064,
            4.865025990345063e-05,
            0.0005,
            0.00048778860081564085,
            0.0004523497400965494,
            0.00039715242044697206,
            0.0003275997400965494,
            0.0002505,
            0.00017340025990345064,
            0.00010384757955302797,
            4.865025990345063e-05,
            1.3211399184359193e-05,
            0.0005,
            0.0004969282409784868,
            0.00048778860081564085,
            0.0004728061277849978,
            0.0004523497400965494,
            0.0004269231419060436,
            0.00039715242044697206,
            0.00036377062968501693,
            0.0003275997400965494,
            0.00028953039902753766
        ]
    },
    "best_val_miou": 0.5780712962150574,
    "config": {
        "enabled": true,
        "model": "deeplabv3plus",
        "encoder": "se_resnext101_32x4d",
        "num_epochs": 30,
        "batch_size": 16,
        "learning_rate": 0.0005,
        "num_classes": 5,
        "class_names": [
            "Unknown",
            "Background/Artifact",
            "Inflammatory/Reactive",
            "Carcinoma",
            "Normal"
        ]
    }
}