{
    "loss": 1.9286126708984375,
    "accuracy": 0.5,
    "precision": 0.36185750365257263,
    "recall": 0.42706769704818726,
    "f1_score": 0.3456888794898987,
    "auc": 0.6578925848007202
}