{
    "test_metrics": {
        "loss": 0.9280796179771423,
        "mean_iou": 0.2858991324901581,
        "pixel_accuracy": 0.3625282645225525,
        "per_class_iou": [
            0.2328033298254013,
            0.28576236963272095,
            0.25677022337913513,
            0.0004279347194824368,
            0.3626750409603119
        ]
    },
    "training_history": {
        "train_loss": [
            0.9363954653739929,
            0.9155319745540619,
            0.9017229125499725,
            0.8907619216442109,
            0.878428277015686,
            0.8983778949975968,
            0.8945707722902297,
            0.8870585780143738,
            0.8806625673770905,
            0.8781513726711273,
            0.8694596391916275,
            0.8636109343767167,
            0.8591209315061569,
            0.8532709882259369,
            0.8480235190391541,
            0.8726482094526291,
            0.8731796153783798,
            0.8671715611219406,
            0.8674470564126968,
            0.8638554648160934,
            0.8578210183382035,
            0.8601171820163727,
            0.855729759812355,
            0.8505747277736664
        ],
        "val_loss": [
            0.9880700721740723,
            0.9557408699989319,
            0.9363950538635254,
            0.9356107792854309,
            0.9225143823623657,
            0.9340253176689148,
            0.9309844822883606,
            0.9320490369796753,
            0.9209961290359497,
            0.9164650635719299,
            0.9108932628631592,
            0.9078575487136841,
            0.8986582312583923,
            0.8946899189949036,
            0.894369903087616,
            0.9187197585105896,
            0.9071442885398865,
            0.9317288455963135,
            0.9089125595092773,
            0.9031237425804138,
            0.9143681421279907,
            0.9029736719131469,
            0.9044879531860351,
            0.900267776966095
        ],
        "val_accuracy": [
            0.24819046258926392,
            0.27574798464775085,
            0.304400771856308,
            0.31252360343933105,
            0.32305410504341125,
            0.2909597158432007,
            0.2974678874015808,
            0.31382572650909424,
            0.3236105740070343,
            0.31240928173065186,
            0.3269897401332855,
            0.3300062417984009,
            0.3431169390678406,
            0.3428809344768524,
            0.340657114982605,
            0.3243838846683502,
            0.3322679400444031,
            0.33048200607299805,
            0.32408231496810913,
            0.34713664650917053,
            0.31753066182136536,
            0.3464764952659607,
            0.3230403959751129,
            0.3467440903186798
        ],
        "val_miou": [
            0.276504784822464,
            0.2965165376663208,
            0.31693190336227417,
            0.31043148040771484,
            0.3122926950454712,
            0.31222692131996155,
            0.31336113810539246,
            0.28185075521469116,
            0.2998999357223511,
            0.3170046806335449,
            0.3167877793312073,
            0.31315645575523376,
            0.31925269961357117,
            0.32676586508750916,
            0.32884925603866577,
            0.3076304793357849,
            0.32851141691207886,
            0.280803918838501,
            0.32193756103515625,
            0.3137003183364868,
            0.32963183522224426,
            0.3204825222492218,
            0.3305191993713379,
            0.31812742352485657
        ],
        "learning_rate": [
            0.0004523497400965494,
            0.0003275997400965494,
            0.00017340025990345064,
            4.865025990345063e-05,
            0.0005,
            0.00048778860081564085,
            0.0004523497400965494,
            0.00039715242044697206,
            0.0003275997400965494,
            0.0002505,
            0.00017340025990345064,
            0.00010384757955302797,
            4.865025990345063e-05,
            1.3211399184359193e-05,
            0.0005,
            0.0004969282409784868,
            0.00048778860081564085,
            0.0004728061277849978,
            0.0004523497400965494,
            0.0004269231419060436,
            0.00039715242044697206,
            0.00036377062968501693,
            0.0003275997400965494,
            0.00028953039902753766
        ]
    },
    "best_val_miou": 0.3305191993713379,
    "config": {
        "enabled": true,
        "model": "deeplabv3plus",
        "encoder": "se_resnext101_32x4d",
        "num_epochs": 30,
        "batch_size": 16,
        "learning_rate": 0.0005,
        "num_classes": 5,
        "class_names": [
            "Unknown",
            "Background/Artifact",
            "Inflammatory/Reactive",
            "Carcinoma",
            "Normal"
        ]
    }
}