{
    "loss": 1.0553571391105652,
    "accuracy": 0.6150000095367432,
    "precision": 0.26246246695518494,
    "recall": 0.31807297468185425,
    "f1_score": 0.275890976190567,
    "auc": 0.6134064197540283
}