{
    "loss": 0.601041487455368,
    "mean_iou": 0.35439643263816833,
    "pixel_accuracy": 0.4427567720413208
}