{
    "loss": 0.8352920889854432,
    "accuracy": 0.6949999928474426,
    "precision": 0.3608577847480774,
    "recall": 0.3799549639225006,
    "f1_score": 0.36962178349494934,
    "auc": 0.655267059803009
}