{
    "test_metrics": {
        "loss": 0.9315903997421264,
        "mean_iou": 0.2823168933391571,
        "pixel_accuracy": 0.3121277689933777,
        "per_class_iou": [
            0.15354479849338531,
            0.20375607907772064,
            0.23830246925354004,
            0.0,
            0.3935304582118988
        ]
    },
    "training_history": {
        "train_loss": [
            0.9477737164497375,
            0.9246237230300903,
            0.9139025926589965,
            0.8926648366451263,
            0.8870874655246734,
            0.9077542722225189,
            0.9093292140960694,
            0.8913525378704071,
            0.892297375202179,
            0.885549635887146,
            0.894555675983429,
            0.8624113130569458,
            0.8562311792373657,
            0.8548149561882019,
            0.8438197016716004
        ],
        "val_loss": [
            1.033133842945099,
            0.9624994587898255,
            1.111199369430542,
            0.940954155921936,
            0.938651270866394,
            1.155390169620514,
            0.9533217287063599,
            0.949070177078247,
            0.9869269371032715,
            0.9884909868240357,
            0.945207781791687,
            0.9586683559417725,
            0.9557763242721558,
            0.9414514899253845,
            0.9468098640441894
        ],
        "val_accuracy": [
            0.2524111270904541,
            0.25193166732788086,
            0.23468291759490967,
            0.28119292855262756,
            0.27593159675598145,
            0.26779982447624207,
            0.23311278223991394,
            0.2556975185871124,
            0.24242712557315826,
            0.2623302638530731,
            0.2643740177154541,
            0.2652547061443329,
            0.28814685344696045,
            0.28836044669151306,
            0.2922058403491974
        ],
        "val_miou": [
            0.26734793186187744,
            0.29496288299560547,
            0.2631828486919403,
            0.3070230782032013,
            0.29883718490600586,
            0.23063306510448456,
            0.2893558442592621,
            0.2962370812892914,
            0.2845468819141388,
            0.2609883248806,
            0.2888791263103485,
            0.2859656810760498,
            0.28599241375923157,
            0.29650697112083435,
            0.29314109683036804
        ],
        "learning_rate": [
            0.0004523497400965494,
            0.0003275997400965494,
            0.00017340025990345064,
            4.865025990345063e-05,
            0.0005,
            0.00048778860081564085,
            0.0004523497400965494,
            0.00039715242044697206,
            0.0003275997400965494,
            0.0002505,
            0.00017340025990345064,
            0.00010384757955302797,
            4.865025990345063e-05,
            1.3211399184359193e-05,
            0.0005
        ]
    },
    "best_val_miou": 0.3070230782032013,
    "config": {
        "enabled": true,
        "model": "deeplabv3plus",
        "encoder": "se_resnext101_32x4d",
        "num_epochs": 30,
        "batch_size": 16,
        "learning_rate": 0.0005,
        "num_classes": 5,
        "class_names": [
            "Unknown",
            "Background/Artifact",
            "Inflammatory/Reactive",
            "Carcinoma",
            "Normal"
        ]
    }
}