{
    "test_metrics": {
        "loss": 0.8830710220336914,
        "mean_iou": 0.3409726619720459,
        "pixel_accuracy": 0.5618988275527954,
        "per_class_iou": [
            0.2955546975135803,
            0.5210170745849609,
            0.33132582902908325,
            0.40406596660614014,
            0.2976037859916687
        ]
    },
    "training_history": {
        "train_loss": [
            0.7974471420049667,
            0.698341406583786,
            0.6531317722797394,
            0.5856291621923446,
            0.5675116074085236,
            0.623814777135849,
            0.6262048941850662,
            0.620680900812149,
            0.5780021262168884,
            0.5487515687942505,
            0.5287714356184006,
            0.5096620517969132,
            0.47871903479099276,
            0.4642198231816292,
            0.45189630568027495,
            0.5340024513006211,
            0.5672608280181884,
            0.5230348926782608,
            0.5198028975725174,
            0.5462262845039367,
            0.5068553900718689,
            0.493702192902565,
            0.4860761845111847,
            0.4554143172502518,
            0.45483742117881776,
            0.421806058883667,
            0.4219574439525604,
            0.39379036128520967,
            0.4080482879281044,
            0.36236110955476764
        ],
        "val_loss": [
            0.7845916032791138,
            0.7369265604019165,
            0.6533371973037719,
            0.5925685453414917,
            0.5664377856254578,
            0.648378791809082,
            0.7071165132522583,
            0.6778083896636963,
            0.6018075942993164,
            0.6233750629425049,
            0.6635499763488769,
            0.5623365259170532,
            0.5556571960449219,
            0.5476711082458496,
            0.5470286679267883,
            0.6148050260543824,
            0.632613697052002,
            0.5960288763046264,
            0.6818402671813965,
            0.6251311922073364,
            0.5869591093063354,
            0.5330968284606934,
            0.5868714380264283,
            0.6031862831115723,
            0.5934104537963867,
            0.5913755965232849,
            0.6027669334411621,
            0.58538161277771,
            0.5922133827209473,
            0.552633318901062
        ],
        "val_accuracy": [
            0.4919399917125702,
            0.5104556083679199,
            0.5827115178108215,
            0.6169520020484924,
            0.6202869415283203,
            0.6099872589111328,
            0.5558062195777893,
            0.5791178941726685,
            0.5886014699935913,
            0.5849251747131348,
            0.5790916681289673,
            0.6154385805130005,
            0.633836030960083,
            0.6278238296508789,
            0.6222701072692871,
            0.5544581413269043,
            0.5947002172470093,
            0.6155362129211426,
            0.5528367757797241,
            0.6115273237228394,
            0.6085590124130249,
            0.6444995403289795,
            0.6227428913116455,
            0.6250290870666504,
            0.6105561256408691,
            0.6217544078826904,
            0.6292068362236023,
            0.64251708984375,
            0.6421819925308228,
            0.6519213914871216
        ],
        "val_miou": [
            0.36930030584335327,
            0.4261285364627838,
            0.46262794733047485,
            0.4966779947280884,
            0.5142113566398621,
            0.4520357549190521,
            0.4454153776168823,
            0.43118664622306824,
            0.48514485359191895,
            0.48103994131088257,
            0.44689518213272095,
            0.4919694662094116,
            0.5139497518539429,
            0.510387122631073,
            0.5114785432815552,
            0.4834173619747162,
            0.4579952657222748,
            0.5119516253471375,
            0.4717733561992645,
            0.4453166127204895,
            0.5047745704650879,
            0.536750078201294,
            0.49560898542404175,
            0.5026605129241943,
            0.5038815140724182,
            0.529190719127655,
            0.5216981172561646,
            0.5370431542396545,
            0.503131628036499,
            0.5469902157783508
        ],
        "learning_rate": [
            0.0004523497400965494,
            0.0003275997400965494,
            0.00017340025990345064,
            4.865025990345063e-05,
            0.0005,
            0.00048778860081564085,
            0.0004523497400965494,
            0.00039715242044697206,
            0.0003275997400965494,
            0.0002505,
            0.00017340025990345064,
            0.00010384757955302797,
            4.865025990345063e-05,
            1.3211399184359193e-05,
            0.0005,
            0.0004969282409784868,
            0.00048778860081564085,
            0.0004728061277849978,
            0.0004523497400965494,
            0.0004269231419060436,
            0.00039715242044697206,
            0.00036377062968501693,
            0.0003275997400965494,
            0.00028953039902753766,
            0.0002505,
            0.00021146960097246246,
            0.00017340025990345064,
            0.00013722937031498307,
            0.00010384757955302797,
            7.40768580939564e-05
        ]
    },
    "best_val_miou": 0.5469902157783508,
    "config": {
        "enabled": true,
        "model": "deeplabv3plus",
        "encoder": "se_resnext101_32x4d",
        "num_epochs": 30,
        "batch_size": 16,
        "learning_rate": 0.0005,
        "num_classes": 5,
        "class_names": [
            "Unknown",
            "Background/Artifact",
            "Inflammatory/Reactive",
            "Carcinoma",
            "Normal"
        ]
    }
}