{
    "loss": 0.7810940647125244,
    "mean_iou": 0.2103029191493988,
    "pixel_accuracy": 0.2631024718284607
}