{
    "test_metrics": {
        "loss": 1.0886564540863037,
        "mean_iou": 0.2942911684513092,
        "pixel_accuracy": 0.3946872353553772,
        "per_class_iou": [
            0.13643497228622437,
            0.2630119323730469,
            0.2779916822910309,
            0.09460272639989853,
            0.40852636098861694
        ]
    },
    "training_history": {
        "train_loss": [
            0.8219484144449234,
            0.7310766358971595,
            0.6959925823807717,
            0.6464061387181282,
            0.6182898847460747,
            0.6681056134104729,
            0.654217055261135,
            0.6353633018136025,
            0.6076286551356316,
            0.5905067815184594,
            0.5601008136272431,
            0.5386914575099945,
            0.5096864879131318,
            0.4955545237660408,
            0.4833117854595184,
            0.5731276305913925,
            0.5722180740237236,
            0.5628069943785667,
            0.5593655539751052,
            0.5447100347280502,
            0.5386863226890564,
            0.5249685387909412,
            0.5166453067064285,
            0.49289937418699264,
            0.48418553328514097
        ],
        "val_loss": [
            0.7711194715499878,
            0.7075650880336761,
            0.6884232835769654,
            0.5993546941280365,
            0.5548433117866516,
            0.6795105125904083,
            0.6191493391990661,
            0.6099425487518311,
            0.6370587072372437,
            0.5430431153774261,
            0.5489985530376434,
            0.4956222046613693,
            0.47705508255958556,
            0.484688215136528,
            0.46528589630126954,
            0.6316246860027314,
            0.6015106289386749,
            0.5621949791908264,
            0.49940741634368896,
            0.5302788932323456,
            0.5150397176742554,
            0.5790049540996551,
            0.5009865921735763,
            0.4907558653354645,
            0.4779844124317169
        ],
        "val_accuracy": [
            0.4605659544467926,
            0.49546918272972107,
            0.5197906494140625,
            0.5491299629211426,
            0.591865062713623,
            0.49802517890930176,
            0.5851826667785645,
            0.588422417640686,
            0.5886297225952148,
            0.6389797925949097,
            0.6550995707511902,
            0.6784236431121826,
            0.693527102470398,
            0.6983611583709717,
            0.7085201740264893,
            0.6273043155670166,
            0.6178081631660461,
            0.6445193290710449,
            0.6846039295196533,
            0.6781352758407593,
            0.6533070802688599,
            0.6409731507301331,
            0.6713464260101318,
            0.705217719078064,
            0.7055741548538208
        ],
        "val_miou": [
            0.3965715169906616,
            0.4551219046115875,
            0.4824477434158325,
            0.5319436192512512,
            0.5690147876739502,
            0.4952353537082672,
            0.4862639307975769,
            0.5201919078826904,
            0.4962218701839447,
            0.5636172294616699,
            0.5749762654304504,
            0.6031832695007324,
            0.6208877563476562,
            0.608973503112793,
            0.627088725566864,
            0.4629320800304413,
            0.5492710471153259,
            0.5569652915000916,
            0.5976563096046448,
            0.5600261688232422,
            0.5942727327346802,
            0.5336962342262268,
            0.6051262617111206,
            0.5985444784164429,
            0.606275200843811
        ],
        "learning_rate": [
            0.0004523497400965494,
            0.0003275997400965494,
            0.00017340025990345064,
            4.865025990345063e-05,
            0.0005,
            0.00048778860081564085,
            0.0004523497400965494,
            0.00039715242044697206,
            0.0003275997400965494,
            0.0002505,
            0.00017340025990345064,
            0.00010384757955302797,
            4.865025990345063e-05,
            1.3211399184359193e-05,
            0.0005,
            0.0004969282409784868,
            0.00048778860081564085,
            0.0004728061277849978,
            0.0004523497400965494,
            0.0004269231419060436,
            0.00039715242044697206,
            0.00036377062968501693,
            0.0003275997400965494,
            0.00028953039902753766,
            0.0002505
        ]
    },
    "best_val_miou": 0.627088725566864,
    "config": {
        "enabled": true,
        "model": "deeplabv3plus",
        "encoder": "se_resnext101_32x4d",
        "num_epochs": 30,
        "batch_size": 16,
        "learning_rate": 0.0005,
        "num_classes": 5,
        "class_names": [
            "Unknown",
            "Background/Artifact",
            "Inflammatory/Reactive",
            "Carcinoma",
            "Normal"
        ]
    }
}