{
    "loss": 0.7305263948440551,
    "accuracy": 0.699999988079071,
    "precision": 0.6016414165496826,
    "recall": 0.46880078315734863,
    "f1_score": 0.4814324975013733,
    "auc": 0.7657626867294312
}