{
    "loss": 0.9653788089752198,
    "accuracy": 0.6600000262260437,
    "precision": 0.3078524172306061,
    "recall": 0.32770270109176636,
    "f1_score": 0.31433457136154175,
    "auc": 0.5751172304153442
}