{
    "loss": 0.7615494132041931,
    "mean_iou": 0.24213412404060364,
    "pixel_accuracy": 0.25745493173599243
}