{
    "test_metrics": {
        "loss": 0.47549428832530977,
        "mean_iou": 0.5806524157524109,
        "pixel_accuracy": 0.7066062688827515,
        "per_class_iou": [
            [
                0.4589792788028717,
                0.49040913581848145,
                0.634100079536438,
                0.46823301911354065,
                0.6694322228431702
            ],
            [
                0.44472256302833557,
                0.5771121978759766,
                0.6612139344215393,
                0.564816951751709,
                0.6481485962867737
            ],
            [
                0.43466609716415405,
                0.4540676772594452,
                0.6616467833518982,
                0.4906141757965088,
                0.594515323638916
            ],
            [
                0.3770659565925598,
                0.45989322662353516,
                0.49531814455986023,
                0.6088961362838745,
                0.5821932554244995
            ],
            [
                0.5362858176231384,
                0.5702133178710938,
                0.633387565612793,
                0.5438184142112732,
                0.7282440066337585
            ],
            [
                0.37554073333740234,
                0.507645845413208,
                0.5666977167129517,
                0.6867390871047974,
                0.6678582429885864
            ],
            [
                0.4293975234031677,
                0.5704494714736938,
                0.46445029973983765,
                0.6340020298957825,
                0.632646918296814
            ],
            [
                0.4087548553943634,
                0.3838658332824707,
                0.6428527235984802,
                0.5973259806632996,
                0.6834876537322998
            ],
            [
                0.4705010652542114,
                0.5718112587928772,
                0.5828357338905334,
                0.6411922574043274,
                0.664696455001831
            ],
            [
                0.5308449268341064,
                0.5907806158065796,
                0.5835753679275513,
                0.549679160118103,
                0.6843202710151672
            ],
            [
                0.4576827585697174,
                0.4942370653152466,
                0.5379163026809692,
                0.5040797591209412,
                0.6308364868164062
            ],
            [
                0.38773056864738464,
                0.4883909523487091,
                0.5331028699874878,
                0.5910894870758057,
                0.6597580313682556
            ],
            [
                0.5164446234703064,
                0.5457550287246704,
                0.5130625367164612,
                0.5719975829124451,
                0.6273002624511719
            ],
            [
                0.4484530985355377,
                0.47388070821762085,
                0.5461541414260864,
                0.6132365465164185,
                0.6551046967506409
            ],
            [
                0.6146175861358643,
                0.5681734681129456,
                0.623470664024353,
                0.6146911978721619,
                0.6763070821762085
            ],
            [
                0.45402324199676514,
                0.5026446580886841,
                0.5275821685791016,
                0.6700734496116638,
                0.5887026190757751
            ]
        ]
    },
    "training_history": {
        "train_loss": [
            0.7380400028824806,
            0.6678949284553528,
            0.6300321163237095,
            0.5870556462556124,
            0.562925084196031,
            0.6214703062921763,
            0.6040463785082102,
            0.5839136163145304,
            0.5645953524112701,
            0.5583872134238481,
            0.5311427196860313,
            0.5219848592579365,
            0.49678176566958426,
            0.4793206193298101,
            0.47090015407651664,
            0.5504706713557244,
            0.5424870267510414,
            0.5367117431014776,
            0.5233963929116726,
            0.5091466542333365,
            0.5063607233017683,
            0.49445834882557393,
            0.4860499749332666,
            0.4776078077405691,
            0.4743781327083707,
            0.45271790873259304,
            0.44339215975254775,
            0.42896457374095914,
            0.41978646758943794,
            0.404927221685648
        ],
        "val_loss": [
            0.7309125179052353,
            0.6465112936496734,
            0.5872149279713631,
            0.5620644618570805,
            0.5325596624612808,
            0.6126324963569642,
            0.5755661299824715,
            0.5538542819023132,
            0.5681586638092995,
            0.5443491473793983,
            0.5259320485591888,
            0.5102479755878448,
            0.5081579825282097,
            0.4992853781580925,
            0.49215712323784827,
            0.5357011038064957,
            0.5285261569917202,
            0.5284919726848603,
            0.5555387406051159,
            0.5072536204755306,
            0.5316073729097843,
            0.5197036583721638,
            0.5122950093448162,
            0.5038024307787419,
            0.4825091306865215,
            0.5092668953537941,
            0.48643320351839064,
            0.48381132185459136,
            0.47834396347403524,
            0.47989549160003664
        ],
        "val_accuracy": [
            0.4814535081386566,
            0.5549091696739197,
            0.6263051629066467,
            0.6289721727371216,
            0.6556143760681152,
            0.5942370295524597,
            0.6235193014144897,
            0.6361905932426453,
            0.6188235878944397,
            0.6526888608932495,
            0.6709562540054321,
            0.676063060760498,
            0.6762782335281372,
            0.6875149607658386,
            0.6816340684890747,
            0.6667273640632629,
            0.6610974073410034,
            0.6555871963500977,
            0.6427239775657654,
            0.68161541223526,
            0.6772558689117432,
            0.6833813786506653,
            0.671197772026062,
            0.6822089552879333,
            0.7040108442306519,
            0.6952821612358093,
            0.6927898526191711,
            0.7028670310974121,
            0.7042279243469238,
            0.6994417905807495
        ],
        "val_miou": [
            0.3683905601501465,
            0.4662196636199951,
            0.49748480319976807,
            0.5165067315101624,
            0.534182608127594,
            0.48998793959617615,
            0.5103678107261658,
            0.5290560722351074,
            0.5213766694068909,
            0.5313170552253723,
            0.5415675044059753,
            0.5484918355941772,
            0.5543174743652344,
            0.5613590478897095,
            0.565885066986084,
            0.5411351919174194,
            0.533822238445282,
            0.5442603230476379,
            0.5230581760406494,
            0.5584856867790222,
            0.5339165329933167,
            0.5372081398963928,
            0.5501864552497864,
            0.5513224601745605,
            0.5687155723571777,
            0.5412297248840332,
            0.5654662847518921,
            0.5725271105766296,
            0.5730486512184143,
            0.5727104544639587
        ],