{
    "test_metrics": {
        "loss": 0.5294656019210815,
        "mean_iou": 0.5632125735282898,
        "pixel_accuracy": 0.6875603795051575,
        "per_class_iou": [
            0.4231608510017395,
            0.4952005445957184,
            0.5101292729377747,
            0.5652899146080017,
            0.6573650240898132
        ]
    },
    "training_history": {
        "train_loss": [
            0.7682970132678747,
            0.6917177583277225,
            0.642842941507697,
            0.6087922353297472,
            0.5796703530848026,
            0.6433737313747406,
            0.6293074251711368,
            0.611433706432581,
            0.5951453569531441,
            0.57253821849823,
            0.5491338009387254,
            0.5320037472993135,
            0.5129203571379185,
            0.49969565458595755,
            0.4916717007383704,
            0.5697216404229403,
            0.5695309635251761,
            0.557693110331893,
            0.5532799592614174,
            0.5350147643312811,
            0.533428553044796,
            0.5289746128022671,
            0.5167957457527518,
            0.49857950795441863
        ],
        "val_loss": [
            0.6978535091876984,
            0.65176220536232,
            0.6388524055480957,
            0.579409672319889,
            0.554079896658659,
            0.6585406368970871,
            0.5967435538768768,
            0.6501989099383354,
            0.5665371137857437,
            0.5477800101041794,
            0.5301266664266586,
            0.5405837112665176,
            0.5283538401126862,
            0.5093456630408764,
            0.5103497998416424,
            0.5521417415142059,
            0.5562782335281372,
            0.5666105602681637,
            0.540289137661457,
            0.5659329882264137,
            0.5375144338607788,
            0.5310787907242775,
            0.5602234397828579,
            0.5152701307833195
        ],
        "val_accuracy": [
            0.5575799942016602,
            0.5811415910720825,
            0.5923089981079102,
            0.630643367767334,
            0.655603289604187,
            0.5631201863288879,
            0.625096321105957,
            0.6095791459083557,
            0.6348656415939331,
            0.6559555530548096,
            0.6661441922187805,
            0.6552762389183044,
            0.6719366908073425,
            0.6930519938468933,
            0.6908669471740723,
            0.6658836603164673,
            0.6650532484054565,
            0.6314380168914795,
            0.672070324420929,
            0.6262955665588379,
            0.6706347465515137,
            0.680904746055603,
            0.671492874622345,
            0.6996068358421326
        ],
        "val_miou": [
            0.4474557936191559,
            0.47142621874809265,
            0.4829222857952118,
            0.5238308310508728,
            0.5402497053146362,
            0.47339001297950745,
            0.5087443590164185,
            0.48543331027030945,
            0.5374189019203186,
            0.5407042503356934,
            0.5503924489021301,
            0.5519545078277588,
            0.555747389793396,
            0.5700099468231201,
            0.5685368776321411,
            0.5412725210189819,
            0.5332821011543274,
            0.5345460772514343,
            0.5435734987258911,
            0.5298333168029785,
            0.5498535633087158,
            0.5476154685020447,
            0.5280224084854126,
            0.5578017830848694
        ],
        "learning_rate": [
            0.0004523497400965494,
            0.0003275997400965494,
            0.00017340025990345064,
            4.865025990345063e-05,
            0.0005,
            0.00048778860081564085,
            0.0004523497400965494,
            0.00039715242044697206,
            0.0003275997400965494,
            0.0002505,
            0.00017340025990345064,
            0.00010384757955302797,
            4.865025990345063e-05,
            1.3211399184359193e-05,
            0.0005,
            0.0004969282409784868,
            0.00048778860081564085,
            0.0004728061277849978,
            0.0004523497400965494,
            0.0004269231419060436,
            0.00039715242044697206,
            0.00036377062968501693,
            0.0003275997400965494,
            0.00028953039902753766
        ]
    },
    "best_val_miou": 0.5700099468231201,
    "config": {
        "enabled": true,
        "model": "deeplabv3plus",
        "encoder": "se_resnext101_32x4d",
        "num_epochs": 30,
        "batch_size": 16,
        "learning_rate": 0.0005,
        "num_classes": 5,
        "class_names": [
            "Unknown",
            "Background/Artifact",
            "Inflammatory/Reactive",
            "Carcinoma",
            "Normal"
        ]
    }
}