{
    "test_metrics": {
        "loss": 0.5996537929773331,
        "mean_iou": 0.4653159976005554,
        "pixel_accuracy": 0.5784447193145752,
        "per_class_iou": [
            [
                0.3199614882469177,
                0.40728408098220825,
                0.39028212428092957,
                0.3058319687843323,
                0.5569024085998535
            ],
            [
                0.4321742355823517,
                0.4398499131202698,
                0.4124966561794281,
                0.22965209186077118,
                0.586698055267334
            ],
            [
                0.3248751759529114,
                0.4532428979873657,
                0.39339375495910645,
                0.32502904534339905,
                0.6010684967041016
            ],
            [
                0.32740792632102966,
                0.4875654876232147,
                0.34580323100090027,
                0.40592360496520996,
                0.5469020009040833
            ],
            [
                0.4110771417617798,
                0.47672128677368164,
                0.4270451068878174,
                0.4405936002731323,
                0.5336496233940125
            ],
            [
                0.3533231317996979,
                0.48408061265945435,
                0.41199010610580444,
                0.40274718403816223,
                0.5277654528617859
            ],
            [
                0.2988387644290924,
                0.47113505005836487,
                0.4377714991569519,
                0.32026830315589905,
                0.5386940240859985
            ],
            [
                0.3605973422527313,
                0.4882788360118866,
                0.3002864122390747,
                0.4085194170475006,
                0.5444584488868713
            ]
        ]
    },
    "training_history": {
        "train_loss": [
            0.898073882907629,
            0.76807626247406,
            0.7276002948358655,
            0.6956925049796701,
            0.6715280512161553,
            0.7108265889808536,
            0.6910602130927146,
            0.6803334002569318,
            0.6635747531801462,
            0.6544333582744002,
            0.6415560269728303,
            0.6295627484098076,
            0.6193173501268029,
            0.6063470772281289,
            0.6046054361574352,
            0.649911666624248,
            0.6429619782976806,
            0.638974939212203,
            0.6348425105586648,
            0.6255125200003385
        ],
        "val_loss": [
            0.8096388629078866,
            0.737707965373993,
            0.756772423684597,
            0.667592639029026,
            0.6509929136931896,
            0.6826615174114704,
            0.6687369774281978,
            0.6644197373092174,
            0.6653582330048085,
            0.6435112138092518,
            0.6328781874477863,
            0.6217818004637956,
            0.6132202257215976,
            0.6122682030498982,
            0.5994449816644192,
            0.6622475385665894,
            0.6368926967680454,
            0.6199574375152588,
            0.6422831404209137,
            0.6154758736491204
        ],
        "val_accuracy": [
            0.4367872178554535,
            0.4274250268936157,
            0.39287394285202026,
            0.5241780281066895,
            0.5494874715805054,
            0.47849586606025696,
            0.5114110112190247,
            0.5289337635040283,
            0.5777022838592529,
            0.5337117314338684,
            0.5589237213134766,
            0.5759326219558716,
            0.5739312767982483,
            0.561928391456604,
            0.5915508270263672,
            0.5470057129859924,
            0.5624942779541016,
            0.5619909763336182,
            0.6062968373298645,
            0.5737100839614868
        ],
        "val_miou": [
            0.2964489459991455,
            0.3890564441680908,
            0.376606822013855,
            0.4225996732711792,
            0.42850324511528015,
            0.42038995027542114,
            0.4246813654899597,
            0.4211466610431671,
            0.413443386554718,
            0.44006800651550293,
            0.44483619928359985,
            0.4563698172569275,
            0.4612376093864441,
            0.4633024334907532,
            0.4687846302986145,
            0.4261871576309204,
            0.43192145228385925,
            0.45409831404685974,
            0.4226195514202118,
            0.4554121792316437
        ],
        "learning_rate": [
            0.0009046039886902864,
            0.0006548539886902864,
            0.0003461460113097139,
            9.639601130971382e-05,
            0.001,
            0.0009755527298894294,
            0.0009046039886902864,
            0.0007940987335200904,
            0.0006548539886902864,
            0.0005005000000000001,
            0.0003461460113097139,
            0.00020690126647990973,
            9.639601130971382e-05,
            2.5447270110570814e-05,
            0.001,
            0.0009938503261272714,
            0.0009755527298894294,
            0.0009455577588320898,
            0.0009046039886902864,
            0.0008536998372026805
        ]
    },
    "best_val_miou": 0.4687846302986145,
    "config": {
        "enabled": true,
        "model": "fpn",
        "encoder": "resnext50_32x4d",
        "num_epochs": 20,
        "batch_size": 8,
        "learning_rate": 0.001,
        "num_classes": 5,
        "class_names": [
            "Unknown",
            "Background/Artifact",
            "Inflammatory/Reactive",
            "Carcinoma",
            "Normal"
        ]
    }
}