{
    "test_metrics": {
        "loss": 0.952446460723877,
        "mean_iou": 0.2712245285511017,
        "pixel_accuracy": 0.32638123631477356,
        "per_class_iou": [
            0.24672958254814148,
            0.35306575894355774,
            0.12471253424882889,
            0.0,
            0.3446412980556488
        ]
    },
    "training_history": {
        "train_loss": [
            0.9610486090183258,
            0.9367961931228638,
            0.931659208536148,
            0.9151742959022522,
            0.8996162545681,
            0.9198311626911163,
            0.9221350312232971,
            0.9123758411407471,
            0.9084459745883942,
            0.9136193823814392,
            0.9057816040515899,
            0.892770094871521,
            0.874913786649704,
            0.8696925282478333,
            0.8581838846206665,
            0.9035602450370789,
            0.9054887139797211,
            0.88836629986763,
            0.8957835507392883,
            0.88007932305336,
            0.8910784089565277,
            0.8889609551429749,
            0.8812246417999268
        ],
        "val_loss": [
            1.228462815284729,
            1.372431094646454,
            0.9580924940109253,
            0.9441782140731811,
            0.9436205172538757,
            0.9602452230453491,
            0.9583641910552978,
            0.9667653512954711,
            0.9597922563552856,
            0.9858624625205994,
            0.9441617774963379,
            0.9373804950714111,
            0.9307097339630127,
            0.9386380004882813,
            0.9344950246810914,
            0.9657088923454284,
            0.95310875415802,
            0.9659736633300782,
            0.9565068435668945,
            0.9470970225334168,
            0.9592726826667786,
            0.952626953125,
            0.9429688024520874
        ],
        "val_accuracy": [
            0.23530274629592896,
            0.2583755552768707,
            0.25167515873908997,
            0.26827308535575867,
            0.26954883337020874,
            0.23514966666698456,
            0.2678801417350769,
            0.23039323091506958,
            0.24254924058914185,
            0.2592240273952484,
            0.26066532731056213,
            0.28867948055267334,
            0.29386210441589355,
            0.2829149663448334,
            0.2970729470252991,
            0.23078277707099915,
            0.2390332818031311,
            0.27589505910873413,
            0.26191246509552,
            0.27037525177001953,
            0.27434155344963074,
            0.2515741288661957,
            0.29419174790382385
        ],
        "val_miou": [
            0.21496811509132385,
            0.2760466933250427,
            0.27669692039489746,
            0.2793036699295044,
            0.28528669476509094,
            0.28147223591804504,
            0.2716597020626068,
            0.24752962589263916,
            0.28280940651893616,
            0.28456351161003113,
            0.27300962805747986,
            0.27753475308418274,
            0.2764972448348999,
            0.2728358209133148,
            0.2735602557659149,
            0.23250170052051544,
            0.27121180295944214,
            0.2566438615322113,
            0.28760895133018494,
            0.27949732542037964,
            0.279206246137619,
            0.26092323660850525,
            0.27927616238594055
        ],
        "learning_rate": [
            0.0004523497400965494,
            0.0003275997400965494,
            0.00017340025990345064,
            4.865025990345063e-05,
            0.0005,
            0.00048778860081564085,
            0.0004523497400965494,
            0.00039715242044697206,
            0.0003275997400965494,
            0.0002505,
            0.00017340025990345064,
            0.00010384757955302797,
            4.865025990345063e-05,
            1.3211399184359193e-05,
            0.0005,
            0.0004969282409784868,
            0.00048778860081564085,
            0.0004728061277849978,
            0.0004523497400965494,
            0.0004269231419060436,
            0.00039715242044697206,
            0.00036377062968501693,
            0.0003275997400965494
        ]
    },
    "best_val_miou": 0.28760895133018494,
    "config": {
        "enabled": true,
        "model": "deeplabv3plus",
        "encoder": "se_resnext101_32x4d",
        "num_epochs": 30,
        "batch_size": 16,
        "learning_rate": 0.0005,
        "num_classes": 5,
        "class_names": [
            "Unknown",
            "Background/Artifact",
            "Inflammatory/Reactive",
            "Carcinoma",
            "Normal"
        ]
    }
}