{
    "loss": 0.7846556162834167,
    "mean_iou": 0.23481272161006927,
    "pixel_accuracy": 0.27725356817245483
}