{
    "loss": 0.7200492334365844,
    "mean_iou": 0.28021204471588135,
    "pixel_accuracy": 0.315662145614624
}