{
    "loss": 1.8367087459564209,
    "accuracy": 0.6549999713897705,
    "precision": 0.2937430739402771,
    "recall": 0.319369375705719,
    "f1_score": 0.30379900336265564,
    "auc": 0.4854397773742676
}