{
    "loss": 1.8469683837890625,
    "accuracy": 0.5249999761581421,
    "precision": 0.25699299573898315,
    "recall": 0.2925647497177124,
    "f1_score": 0.27331751585006714,
    "auc": 0.484609454870224
}