{
    "test_metrics": {
        "loss": 1.11353280544281,
        "mean_iou": 0.2682397663593292,
        "pixel_accuracy": 0.322758287191391,
        "per_class_iou": [
            0.08524647355079651,
            0.2328503131866455,
            0.20817233622074127,
            5.367584526538849e-05,
            0.41902783513069153
        ]
    },
    "training_history": {
        "train_loss": [
            0.8747905552387237,
            0.7864266788959503,
            0.7669717359542847,
            0.7218374860286713,
            0.6741228866577148,
            0.7300398194789887,
            0.7460852718353271,
            0.7228442013263703,
            0.7068796885013581,
            0.6706029045581817,
            0.6597854959964752,
            0.62716792345047,
            0.6170622712373733,
            0.5840733820199966,
            0.5881655925512314,
            0.645832691192627,
            0.6835602080821991,
            0.6461519467830658,
            0.6427487045526504,
            0.6309643185138702,
            0.6051937884092331,
            0.613025997877121,
            0.5683071911334991,
            0.5859880286455155,
            0.5407472270727157
        ],
        "val_loss": [
            0.9238373923301697,
            0.8170407819747925,
            0.7772924041748047,
            0.7521506881713867,
            0.6500221467018128,
            0.7398620104789734,
            0.7311495518684388,
            0.7358467864990235,
            0.7234705972671509,
            0.7170579433441162,
            0.6912584018707275,
            0.6531891775131226,
            0.6026791882514954,
            0.6053441905975342,
            0.6000217258930206,
            0.7093287992477417,
            0.8716241121292114,
            0.7130415201187134,
            0.6164779782295227,
            0.6637189483642578,
            0.7258559083938598,
            0.6668328976631165,
            0.6976708030700683,
            0.6425742220878601,
            0.6489878797531128
        ],
        "val_accuracy": [
            0.3817051351070404,
            0.41991329193115234,
            0.4191194474697113,
            0.44158488512039185,
            0.5160720944404602,
            0.4288713037967682,
            0.48051050305366516,
            0.4501754641532898,
            0.4068628251552582,
            0.45262959599494934,
            0.4824773669242859,
            0.5018831491470337,
            0.5546621084213257,
            0.5537635684013367,
            0.5623301267623901,
            0.46934324502944946,
            0.48657023906707764,
            0.48262593150138855,
            0.5529731512069702,
            0.5002468228340149,
            0.5177274346351624,
            0.5086721181869507,
            0.5582968592643738,
            0.5409376621246338,
            0.5734714269638062
        ],
        "val_miou": [
            0.40303587913513184,
            0.3988061845302582,
            0.4024032950401306,
            0.39493685960769653,
            0.4923788607120514,
            0.4255383312702179,
            0.42690548300743103,
            0.37586668133735657,
            0.4272749722003937,
            0.4345438480377197,
            0.4403557777404785,
            0.4915096163749695,
            0.5142925381660461,
            0.5376132130622864,
            0.5485215187072754,
            0.4191717207431793,
            0.38804227113723755,
            0.4607195258140564,
            0.5197630524635315,
            0.47698974609375,
            0.47832944989204407,
            0.43782901763916016,
            0.4763070344924927,
            0.520423412322998,
            0.4630534052848816
        ],
        "learning_rate": [
            0.0004523497400965494,
            0.0003275997400965494,
            0.00017340025990345064,
            4.865025990345063e-05,
            0.0005,
            0.00048778860081564085,
            0.0004523497400965494,
            0.00039715242044697206,
            0.0003275997400965494,
            0.0002505,
            0.00017340025990345064,
            0.00010384757955302797,
            4.865025990345063e-05,
            1.3211399184359193e-05,
            0.0005,
            0.0004969282409784868,
            0.00048778860081564085,
            0.0004728061277849978,
            0.0004523497400965494,
            0.0004269231419060436,
            0.00039715242044697206,
            0.00036377062968501693,
            0.0003275997400965494,
            0.00028953039902753766,
            0.0002505
        ]
    },
    "best_val_miou": 0.5485215187072754,
    "config": {
        "enabled": true,
        "model": "deeplabv3plus",
        "encoder": "se_resnext101_32x4d",
        "num_epochs": 30,
        "batch_size": 16,
        "learning_rate": 0.0005,
        "num_classes": 5,
        "class_names": [
            "Unknown",
            "Background/Artifact",
            "Inflammatory/Reactive",
            "Carcinoma",
            "Normal"
        ]
    }
}