{
    "test_metrics": {
        "loss": 0.6788658046722412,
        "mean_iou": 0.46596190333366394,
        "pixel_accuracy": 0.5919316411018372,
        "per_class_iou": [
            0.3673397898674011,
            0.5331076383590698,
            0.3587951362133026,
            0.4045255482196808,
            0.5454088449478149
        ]
    },
    "training_history": {
        "train_loss": [
            0.8612724736332893,
            0.7877166092395782,
            0.7543308019638062,
            0.7064870961010457,
            0.6523407496511936,
            0.6913353189826011,
            0.7204399093985557,
            0.6794719085097313,
            0.6481974959373474,
            0.6356356963515282,
            0.6153034500777721,
            0.5598419018089771,
            0.539760485291481,
            0.5181477651000023,
            0.48498506247997286,
            0.591203399002552,
            0.6074221052229405,
            0.6310709670186043,
            0.6069304250180722,
            0.5690058052539826,
            0.5060884207487106,
            0.51464519277215,
            0.5077992901206017,
            0.49369140677154066,
            0.4473338559269905
        ],
        "val_loss": [
            0.8468272745609283,
            0.8300741732120513,
            0.7807937383651733,
            0.6862781524658204,
            0.6793216705322266,
            0.8046080529689789,
            1.1061332821846008,
            0.7091512322425843,
            0.7433200538158417,
            0.69384006857872,
            0.6495286792516708,
            0.6738178372383118,
            0.6178240537643432,
            0.606459230184555,
            0.6046693563461304,
            0.6896555662155152,
            0.6800940155982971,
            0.6697004318237305,
            0.6688342958688736,
            0.6738094329833985,
            0.677448844909668,
            0.7207388281822205,
            0.7986875951290131,
            0.7534667432308197,
            0.6521338701248169
        ],
        "val_accuracy": [
            0.4412877857685089,
            0.4300779700279236,
            0.4979231059551239,
            0.545554518699646,
            0.5550795793533325,
            0.4329094886779785,
            0.4127911925315857,
            0.5040956139564514,
            0.5146412253379822,
            0.5252828598022461,
            0.5659182667732239,
            0.5602415800094604,
            0.6055970191955566,
            0.6267012357711792,
            0.6189276576042175,
            0.5817879438400269,
            0.5291391611099243,
            0.5453813672065735,
            0.5645318627357483,
            0.613406777381897,
            0.5912322998046875,
            0.5112464427947998,
            0.518362820148468,
            0.57696932554245,
            0.5856379270553589
        ],
        "val_miou": [
            0.32263079285621643,
            0.3781608045101166,
            0.39106208086013794,
            0.4366222620010376,
            0.4309675991535187,
            0.36550500988960266,
            0.3688919246196747,
            0.4154166877269745,
            0.3719773292541504,
            0.41085225343704224,
            0.4323142468929291,
            0.41584280133247375,
            0.471420556306839,
            0.472998708486557,
            0.4798949360847473,
            0.41432610154151917,
            0.4237264096736908,
            0.4547410011291504,
            0.42290204763412476,
            0.4260985851287842,
            0.4560636281967163,
            0.4560844600200653,
            0.4224230647087097,
            0.40901869535446167,
            0.45426928997039795
        ],
        "learning_rate": [
            0.0004523497400965494,
            0.0003275997400965494,
            0.00017340025990345064,
            4.865025990345063e-05,
            0.0005,
            0.00048778860081564085,
            0.0004523497400965494,
            0.00039715242044697206,
            0.0003275997400965494,
            0.0002505,
            0.00017340025990345064,
            0.00010384757955302797,
            4.865025990345063e-05,
            1.3211399184359193e-05,
            0.0005,
            0.0004969282409784868,
            0.00048778860081564085,
            0.0004728061277849978,
            0.0004523497400965494,
            0.0004269231419060436,
            0.00039715242044697206,
            0.00036377062968501693,
            0.0003275997400965494,
            0.00028953039902753766,
            0.0002505
        ]
    },
    "best_val_miou": 0.4798949360847473,
    "config": {
        "enabled": true,
        "model": "deeplabv3plus",
        "encoder": "se_resnext101_32x4d",
        "num_epochs": 30,
        "batch_size": 16,
        "learning_rate": 0.0005,
        "num_classes": 5,
        "class_names": [
            "Unknown",
            "Background/Artifact",
            "Inflammatory/Reactive",
            "Carcinoma",
            "Normal"
        ]
    }
}