{
    "loss": 0.656605190038681,
    "mean_iou": 0.2536868155002594,
    "pixel_accuracy": 0.4119833707809448
}