{
  "segmentation": {
    "baseline": {
      "loss": 0.6788658046722412,
      "mean_iou": 0.46596190333366394,
      "pixel_accuracy": 0.5919316411018372,
      "per_class_iou": [
        0.3673397898674011,
        0.5331076383590698,
        0.3587951362133026,
        0.4045255482196808,
        0.5454088449478149
      ]
    },
    "sd21_controlnet": {
      "loss": 0.952446460723877,
      "mean_iou": 0.2712245285511017,
      "pixel_accuracy": 0.32638123631477356,
      "per_class_iou": [
        0.24672958254814148,
        0.35306575894355774,
        0.12471253424882889,
        0.0,
        0.3446412980556488
      ]
    },
    "sd35_controlnet": {
      "loss": 1.0887637376785277,
      "mean_iou": 0.2512514591217041,
      "pixel_accuracy": 0.3578316569328308,
      "per_class_iou": [
        0.1359127014875412,
        0.3621133863925934,
        0.20261986553668976,
        0.10232211649417877,
        0.3230666518211365
      ]
    },
    "ldm_model_512": {
      "loss": 0.8830710220336914,
      "mean_iou": 0.3409726619720459,
      "pixel_accuracy": 0.5618988275527954,
      "per_class_iou": [
        0.2955546975135803,
        0.5210170745849609,
        0.33132582902908325,
        0.40406596660614014,
        0.2976037859916687
      ]
    }
  },
  "classification": {
    "baseline": {
      "loss": 0.9949434566497802,
      "accuracy": 0.715,
      "precision": 0.5744875008032903,
      "recall": 0.570966070966071,
      "f1_score": 0.5681275246492637,
      "auc": 0.8489025594288752,
      "per_class_precision": [
        0.38461538461538464,
        0.4666666666666667,
        0.8721804511278195
      ],
      "per_class_recall": [
        0.5128205128205128,
        0.3888888888888889,
        0.8111888111888111
      ],
      "per_class_f1": [
        0.43956043956043955,
        0.42424242424242425,
        0.8405797101449275
      ]
    },
    "sd21_controlnet": {
      "loss": 1.6394558811187745,
      "accuracy": 0.54,
      "precision": 0.3987732369985701,
      "recall": 0.4444444444444444,
      "f1_score": 0.36970293375976376,
      "auc": 0.6234979530174038,
      "per_class_precision": [
        0.30097087378640774,
        0.0,
        0.8953488372093024
      ],
      "per_class_recall": [
        0.7948717948717948,
        0.0,
        0.5384615384615384
      ],
      "per_class_f1": [
        0.43661971830985913,
        0.0,
        0.6724890829694323
      ]
    },
    "sd35_controlnet": {
      "loss": 1.3561944961547852,
      "accuracy": 0.57,
      "precision": 0.43286154704080043,
      "recall": 0.46231546231546233,
      "f1_score": 0.432224025974026,
      "auc": 0.7059704428125482,
      "per_class_precision": [
        0.32653061224489793,
        0.15789473684210525,
        0.8141592920353983
      ],
      "per_class_recall": [
        0.41025641025641024,
        0.3333333333333333,
        0.6433566433566433
      ],
      "per_class_f1": [
        0.36363636363636365,
        0.21428571428571427,
        0.71875
      ]
    },
    "ldm_model_512": {
      "loss": 1.1238625788688659,
      "accuracy": 0.56,
      "precision": 0.6180596525729268,
      "recall": 0.6243201243201243,
      "f1_score": 0.5461796669263009,
      "auc": 0.8432683512775047,
      "per_class_precision": [
        0.30973451327433627,
        0.6,
        0.9444444444444444
      ],
      "per_class_recall": [
        0.8974358974358975,
        0.5,
        0.4755244755244755
      ],
      "per_class_f1": [
        0.4605263157894737,
        0.5454545454545454,
        0.6325581395348837
      ]
    }
  }
}