{
    "loss": 0.7146399021148682,
    "mean_iou": 0.24893851578235626,
    "pixel_accuracy": 0.3413950800895691
}