{
    "test_metrics": {
        "loss": 1.0887637376785277,
        "mean_iou": 0.2512514591217041,
        "pixel_accuracy": 0.3578316569328308,
        "per_class_iou": [
            0.1359127014875412,
            0.3621133863925934,
            0.20261986553668976,
            0.10232211649417877,
            0.3230666518211365
        ]
    },
    "training_history": {
        "train_loss": [
            0.9195778572559357,
            0.8726207387447357,
            0.8475455582141876,
            0.8036601066589355,
            0.7751871728897095,
            0.8163991343975067,
            0.8229508244991303,
            0.8009772944450378,
            0.7720505720376969,
            0.7360923552513122,
            0.7346343767642974,
            0.689766892194748,
            0.6885795950889587,
            0.6584910547733307,
            0.6296259087324142,
            0.7215952974557877,
            0.7311202692985534,
            0.710254390835762,
            0.7077706706523895,
            0.6974783933162689,
            0.6836884105205536,
            0.6524586808681488,
            0.6682340359687805,
            0.6591982442140579,
            0.5892509019374848
        ],
        "val_loss": [
            0.8877370524406433,
            0.8613091087341309,
            0.906687695980072,
            0.7865542697906495,
            0.7290643644332886,
            0.7728119134902954,
            0.8164624166488648,
            0.7187091898918152,
            0.7570600080490112,
            0.7385921478271484,
            0.6911895322799683,
            0.664380841255188,
            0.6361193513870239,
            0.6181081461906434,
            0.6149682927131653,
            0.860194296836853,
            0.7507776951789856,
            1.1832803916931152,
            0.6370148134231567,
            0.6419057512283325,
            0.6702888011932373,
            0.7272290396690368,
            0.6452668380737304,
            0.6335843062400818,
            0.6467102122306824
        ],
        "val_accuracy": [
            0.3734319806098938,
            0.3119145929813385,
            0.2891975939273834,
            0.40533918142318726,
            0.4645475447177887,
            0.4563557207584381,
            0.39130285382270813,
            0.4738074541091919,
            0.4340927302837372,
            0.4675658941268921,
            0.5088436603546143,
            0.5073938965797424,
            0.5268105864524841,
            0.543226420879364,
            0.5401108264923096,
            0.3834037184715271,
            0.42428335547447205,
            0.3548564910888672,
            0.5720717906951904,
            0.5486993789672852,
            0.5993684530258179,
            0.4793114960193634,
            0.5539881587028503,
            0.5505667924880981,
            0.5939595699310303
        ],
        "val_miou": [
            0.3066979944705963,
            0.3184117376804352,
            0.3224330544471741,
            0.39803367853164673,
            0.4235784113407135,
            0.3991909921169281,
            0.3800318241119385,
            0.4508785903453827,
            0.41399362683296204,
            0.4382350742816925,
            0.4598446488380432,
            0.4788969159126282,
            0.48054027557373047,
            0.4982292354106903,
            0.49958279728889465,
            0.40738239884376526,
            0.3795892298221588,
            0.2742561399936676,
            0.46136701107025146,
            0.43713876605033875,
            0.402845561504364,
            0.4478367567062378,
            0.4702235162258148,
            0.43758541345596313,
            0.41994136571884155
        ],
        "learning_rate": [
            0.0004523497400965494,
            0.0003275997400965494,
            0.00017340025990345064,
            4.865025990345063e-05,
            0.0005,
            0.00048778860081564085,
            0.0004523497400965494,
            0.00039715242044697206,
            0.0003275997400965494,
            0.0002505,
            0.00017340025990345064,
            0.00010384757955302797,
            4.865025990345063e-05,
            1.3211399184359193e-05,
            0.0005,
            0.0004969282409784868,
            0.00048778860081564085,
            0.0004728061277849978,
            0.0004523497400965494,
            0.0004269231419060436,
            0.00039715242044697206,
            0.00036377062968501693,
            0.0003275997400965494,
            0.00028953039902753766,
            0.0002505
        ]
    },
    "best_val_miou": 0.49958279728889465,
    "config": {
        "enabled": true,
        "model": "deeplabv3plus",
        "encoder": "se_resnext101_32x4d",
        "num_epochs": 30,
        "batch_size": 16,
        "learning_rate": 0.0005,
        "num_classes": 5,
        "class_names": [
            "Unknown",
            "Background/Artifact",
            "Inflammatory/Reactive",
            "Carcinoma",
            "Normal"
        ]
    }
}