{
    "test_metrics": {
        "loss": 0.8044455909729004,
        "mean_iou": 0.37680524587631226,
        "pixel_accuracy": 0.5633386373519897,
        "per_class_iou": [
            0.33152446150779724,
            0.3586023449897766,
            0.33798861503601074,
            0.41854485869407654,
            0.42287588119506836
        ]
    },
    "training_history": {
        "train_loss": [
            0.7086088708043099,
            0.6347266359329223,
            0.5972791262865067,
            0.558570078253746,
            0.525061397254467,
            0.5878037512302399,
            0.5739871901273728,
            0.561960468173027,
            0.5457052360773087,
            0.5286413620710373,
            0.511325176179409,
            0.4984249146878719,
            0.48586043348908425,
            0.4638139826655388,
            0.4537309066951275,
            0.5235520290136337,
            0.5190376239717007,
            0.5182562170028686,
            0.5178461849689484,
            0.5035748210549355,
            0.5020771141946315,
            0.49244106367230417,
            0.47837626093626023,
            0.4693918751180172
        ],
        "val_loss": [
            0.6555117063522339,
            0.6191732369661331,
            0.5990282113552093,
            0.5545672583580017,
            0.5279323337078095,
            0.6257400910854339,
            0.5730447175502777,
            0.5440762040615081,
            0.5476955970525742,
            0.542609990119934,
            0.521826976776123,
            0.5125134165287017,
            0.5044931828975677,
            0.4932445693016052,
            0.49619160759449005,
            0.5485105594396591,
            0.5495508462190628,
            0.5179407649040222,
            0.525825777888298,
            0.5207640609741211,
            0.5120770624876022,
            0.5265697196722031,
            0.498448616027832,
            0.5103947646617889
        ],
        "val_accuracy": [
            0.5924715995788574,
            0.6263236999511719,
            0.650073230266571,
            0.670311689376831,
            0.6796817183494568,
            0.618057131767273,
            0.6595132350921631,
            0.6750375032424927,
            0.6779430508613586,
            0.6845353245735168,
            0.6757047176361084,
            0.6767377853393555,
            0.6970968842506409,
            0.698430597782135,
            0.7002273797988892,
            0.6748924255371094,
            0.6452184915542603,
            0.6900451183319092,
            0.6830582022666931,
            0.6828011870384216,
            0.6914748549461365,
            0.6767218112945557,
            0.6977015137672424,
            0.6976817846298218
        ],
        "val_miou": [
            0.4693205654621124,
            0.4863972067832947,
            0.5095630884170532,
            0.5478090643882751,
            0.5670371651649475,
            0.5139077305793762,
            0.5172032713890076,
            0.5432373881340027,
            0.5465013384819031,
            0.5574471950531006,
            0.5704869627952576,
            0.5741167664527893,
            0.5811161994934082,
            0.5868743658065796,
            0.5925560593605042,
            0.5525234341621399,
            0.5456923842430115,
            0.5746876001358032,
            0.5679240226745605,
            0.5662431120872498,
            0.578168511390686,
            0.5710928440093994,
            0.5923119187355042,
            0.5743593573570251
        ],
        "learning_rate": [
            0.0004523497400965494,
            0.0003275997400965494,
            0.00017340025990345064,
            4.865025990345063e-05,
            0.0005,
            0.00048778860081564085,
            0.0004523497400965494,
            0.00039715242044697206,
            0.0003275997400965494,
            0.0002505,
            0.00017340025990345064,
            0.00010384757955302797,
            4.865025990345063e-05,
            1.3211399184359193e-05,
            0.0005,
            0.0004969282409784868,
            0.00048778860081564085,
            0.0004728061277849978,
            0.0004523497400965494,
            0.0004269231419060436,
            0.00039715242044697206,
            0.00036377062968501693,
            0.0003275997400965494,
            0.00028953039902753766
        ]
    },
    "best_val_miou": 0.5925560593605042,
    "config": {
        "enabled": true,
        "model": "deeplabv3plus",
        "encoder": "se_resnext101_32x4d",
        "num_epochs": 30,
        "batch_size": 16,
        "learning_rate": 0.0005,
        "num_classes": 5,
        "class_names": [
            "Unknown",
            "Background/Artifact",
            "Inflammatory/Reactive",
            "Carcinoma",
            "Normal"
        ]
    }
}