{
    "loss": 0.6910553193092346,
    "accuracy": 0.7400000095367432,
    "precision": 0.4166666865348816,
    "recall": 0.35765767097473145,
    "f1_score": 0.3379085063934326,
    "auc": 0.6287974715232849
}